2014-09-07-00:00,中华南路（万国大厦）（二期）,95
2014-09-07-00:05,中华南路（万国大厦）（二期）,106
2014-09-07-00:10,中华南路（万国大厦）（二期）,103
2014-09-07-00:15,中华南路（万国大厦）（二期）,77
2014-09-07-00:20,中华南路（万国大厦）（二期）,101
2014-09-07-00:25,中华南路（万国大厦）（二期）,71
2014-09-07-00:30,中华南路（万国大厦）（二期）,101
2014-09-07-00:35,中华南路（万国大厦）（二期）,77
2014-09-07-00:40,中华南路（万国大厦）（二期）,78
2014-09-07-00:45,中华南路（万国大厦）（二期）,101
2014-09-07-00:50,中华南路（万国大厦）（二期）,93
2014-09-07-00:55,中华南路（万国大厦）（二期）,111
2014-09-07-01:00,中华南路（万国大厦）（二期）,83
2014-09-07-01:05,中华南路（万国大厦）（二期）,87
2014-09-07-01:10,中华南路（万国大厦）（二期）,105
2014-09-07-01:15,中华南路（万国大厦）（二期）,88
2014-09-07-01:20,中华南路（万国大厦）（二期）,84
2014-09-07-01:25,中华南路（万国大厦）（二期）,97
2014-09-07-01:30,中华南路（万国大厦）（二期）,81
2014-09-07-01:35,中华南路（万国大厦）（二期）,73
2014-09-07-01:40,中华南路（万国大厦）（二期）,92
2014-09-07-01:45,中华南路（万国大厦）（二期）,86
2014-09-07-01:50,中华南路（万国大厦）（二期）,68
2014-09-07-01:55,中华南路（万国大厦）（二期）,54
2014-09-07-02:00,中华南路（万国大厦）（二期）,76
2014-09-07-02:05,中华南路（万国大厦）（二期）,81
2014-09-07-02:10,中华南路（万国大厦）（二期）,57
2014-09-07-02:15,中华南路（万国大厦）（二期）,69
2014-09-07-02:20,中华南路（万国大厦）（二期）,71
2014-09-07-02:25,中华南路（万国大厦）（二期）,67
2014-09-07-02:30,中华南路（万国大厦）（二期）,52
2014-09-07-02:35,中华南路（万国大厦）（二期）,53
2014-09-07-02:40,中华南路（万国大厦）（二期）,50
2014-09-07-02:45,中华南路（万国大厦）（二期）,45
2014-09-07-02:50,中华南路（万国大厦）（二期）,53
2014-09-07-02:55,中华南路（万国大厦）（二期）,51
2014-09-07-03:00,中华南路（万国大厦）（二期）,40
2014-09-07-03:05,中华南路（万国大厦）（二期）,42
2014-09-07-03:10,中华南路（万国大厦）（二期）,37
2014-09-07-03:15,中华南路（万国大厦）（二期）,39
2014-09-07-03:20,中华南路（万国大厦）（二期）,48
2014-09-07-03:25,中华南路（万国大厦）（二期）,24
2014-09-07-03:30,中华南路（万国大厦）（二期）,28
2014-09-07-03:35,中华南路（万国大厦）（二期）,31
2014-09-07-03:40,中华南路（万国大厦）（二期）,31
2014-09-07-03:45,中华南路（万国大厦）（二期）,30
2014-09-07-03:50,中华南路（万国大厦）（二期）,31
2014-09-07-03:55,中华南路（万国大厦）（二期）,28
2014-09-07-04:00,中华南路（万国大厦）（二期）,21
2014-09-07-04:05,中华南路（万国大厦）（二期）,23
2014-09-07-04:10,中华南路（万国大厦）（二期）,36
2014-09-07-04:15,中华南路（万国大厦）（二期）,26
2014-09-07-04:20,中华南路（万国大厦）（二期）,24
2014-09-07-04:25,中华南路（万国大厦）（二期）,17
2014-09-07-04:30,中华南路（万国大厦）（二期）,22
2014-09-07-04:35,中华南路（万国大厦）（二期）,25
2014-09-07-04:40,中华南路（万国大厦）（二期）,18
2014-09-07-04:45,中华南路（万国大厦）（二期）,24
2014-09-07-04:50,中华南路（万国大厦）（二期）,16
2014-09-07-04:55,中华南路（万国大厦）（二期）,18
2014-09-07-05:00,中华南路（万国大厦）（二期）,15
2014-09-07-05:05,中华南路（万国大厦）（二期）,17
2014-09-07-05:10,中华南路（万国大厦）（二期）,14
2014-09-07-05:15,中华南路（万国大厦）（二期）,23
2014-09-07-05:20,中华南路（万国大厦）（二期）,11
2014-09-07-05:25,中华南路（万国大厦）（二期）,14
2014-09-07-05:30,中华南路（万国大厦）（二期）,22
2014-09-07-05:35,中华南路（万国大厦）（二期）,17
2014-09-07-05:40,中华南路（万国大厦）（二期）,22
2014-09-07-05:45,中华南路（万国大厦）（二期）,14
2014-09-07-05:50,中华南路（万国大厦）（二期）,15
2014-09-07-05:55,中华南路（万国大厦）（二期）,16
2014-09-07-06:00,中华南路（万国大厦）（二期）,9
2014-09-07-06:05,中华南路（万国大厦）（二期）,14
2014-09-07-06:10,中华南路（万国大厦）（二期）,17
2014-09-07-06:15,中华南路（万国大厦）（二期）,20
2014-09-07-06:20,中华南路（万国大厦）（二期）,29
2014-09-07-06:25,中华南路（万国大厦）（二期）,24
2014-09-07-06:30,中华南路（万国大厦）（二期）,31
2014-09-07-06:35,中华南路（万国大厦）（二期）,45
2014-09-07-06:40,中华南路（万国大厦）（二期）,55
2014-09-07-06:45,中华南路（万国大厦）（二期）,45
2014-09-07-06:50,中华南路（万国大厦）（二期）,38
2014-09-07-06:55,中华南路（万国大厦）（二期）,36
2014-09-07-07:00,中华南路（万国大厦）（二期）,47
2014-09-07-07:05,中华南路（万国大厦）（二期）,61
2014-09-07-07:10,中华南路（万国大厦）（二期）,50
2014-09-07-07:15,中华南路（万国大厦）（二期）,55
2014-09-07-07:20,中华南路（万国大厦）（二期）,57
2014-09-07-07:25,中华南路（万国大厦）（二期）,57
2014-09-07-07:30,中华南路（万国大厦）（二期）,54
2014-09-07-07:35,中华南路（万国大厦）（二期）,78
2014-09-07-07:40,中华南路（万国大厦）（二期）,71
2014-09-07-07:45,中华南路（万国大厦）（二期）,77
2014-09-07-07:50,中华南路（万国大厦）（二期）,84
2014-09-07-07:55,中华南路（万国大厦）（二期）,80
2014-09-07-08:00,中华南路（万国大厦）（二期）,70
2014-09-07-08:05,中华南路（万国大厦）（二期）,106
2014-09-07-08:10,中华南路（万国大厦）（二期）,93
2014-09-07-08:15,中华南路（万国大厦）（二期）,103
2014-09-07-08:20,中华南路（万国大厦）（二期）,116
2014-09-07-08:25,中华南路（万国大厦）（二期）,109
2014-09-07-08:30,中华南路（万国大厦）（二期）,103
2014-09-07-08:35,中华南路（万国大厦）（二期）,100
2014-09-07-08:40,中华南路（万国大厦）（二期）,129
2014-09-07-08:45,中华南路（万国大厦）（二期）,129
2014-09-07-08:50,中华南路（万国大厦）（二期）,111
2014-09-07-08:55,中华南路（万国大厦）（二期）,123
2014-09-07-09:00,中华南路（万国大厦）（二期）,142
2014-09-07-09:05,中华南路（万国大厦）（二期）,124
2014-09-07-09:10,中华南路（万国大厦）（二期）,131
2014-09-07-09:15,中华南路（万国大厦）（二期）,134
2014-09-07-09:20,中华南路（万国大厦）（二期）,143
2014-09-07-09:25,中华南路（万国大厦）（二期）,117
2014-09-07-09:30,中华南路（万国大厦）（二期）,128
2014-09-07-09:35,中华南路（万国大厦）（二期）,133
2014-09-07-09:40,中华南路（万国大厦）（二期）,173
2014-09-07-09:45,中华南路（万国大厦）（二期）,112
2014-09-07-09:50,中华南路（万国大厦）（二期）,155
2014-09-07-09:55,中华南路（万国大厦）（二期）,144
2014-09-07-10:00,中华南路（万国大厦）（二期）,160
2014-09-07-10:05,中华南路（万国大厦）（二期）,122
2014-09-07-10:10,中华南路（万国大厦）（二期）,170
2014-09-07-10:15,中华南路（万国大厦）（二期）,143
2014-09-07-10:20,中华南路（万国大厦）（二期）,156
2014-09-07-10:25,中华南路（万国大厦）（二期）,157
2014-09-07-10:30,中华南路（万国大厦）（二期）,181
2014-09-07-10:35,中华南路（万国大厦）（二期）,201
2014-09-07-10:40,中华南路（万国大厦）（二期）,148
2014-09-07-10:45,中华南路（万国大厦）（二期）,139
2014-09-07-10:50,中华南路（万国大厦）（二期）,163
2014-09-07-10:55,中华南路（万国大厦）（二期）,171
2014-09-07-11:00,中华南路（万国大厦）（二期）,158
2014-09-07-11:05,中华南路（万国大厦）（二期）,183
2014-09-07-11:10,中华南路（万国大厦）（二期）,168
2014-09-07-11:15,中华南路（万国大厦）（二期）,144
2014-09-07-11:20,中华南路（万国大厦）（二期）,160
2014-09-07-11:25,中华南路（万国大厦）（二期）,185
2014-09-07-11:30,中华南路（万国大厦）（二期）,178
2014-09-07-11:35,中华南路（万国大厦）（二期）,158
2014-09-07-11:40,中华南路（万国大厦）（二期）,177
2014-09-07-11:45,中华南路（万国大厦）（二期）,169
2014-09-07-11:50,中华南路（万国大厦）（二期）,154
2014-09-07-11:55,中华南路（万国大厦）（二期）,157
2014-09-07-12:00,中华南路（万国大厦）（二期）,192
2014-09-07-12:05,中华南路（万国大厦）（二期）,176
2014-09-07-12:10,中华南路（万国大厦）（二期）,167
2014-09-07-12:15,中华南路（万国大厦）（二期）,158
2014-09-07-12:20,中华南路（万国大厦）（二期）,170
2014-09-07-12:25,中华南路（万国大厦）（二期）,149
2014-09-07-12:30,中华南路（万国大厦）（二期）,126
2014-09-07-12:35,中华南路（万国大厦）（二期）,182
2014-09-07-12:40,中华南路（万国大厦）（二期）,188
2014-09-07-12:45,中华南路（万国大厦）（二期）,143
2014-09-07-12:50,中华南路（万国大厦）（二期）,163
2014-09-07-12:55,中华南路（万国大厦）（二期）,193
2014-09-07-13:00,中华南路（万国大厦）（二期）,170
2014-09-07-13:05,中华南路（万国大厦）（二期）,185
2014-09-07-13:10,中华南路（万国大厦）（二期）,188
2014-09-07-13:15,中华南路（万国大厦）（二期）,171
2014-09-07-13:20,中华南路（万国大厦）（二期）,205
2014-09-07-13:25,中华南路（万国大厦）（二期）,175
2014-09-07-13:30,中华南路（万国大厦）（二期）,182
2014-09-07-13:35,中华南路（万国大厦）（二期）,170
2014-09-07-13:40,中华南路（万国大厦）（二期）,192
2014-09-07-13:45,中华南路（万国大厦）（二期）,168
2014-09-07-13:50,中华南路（万国大厦）（二期）,175
2014-09-07-13:55,中华南路（万国大厦）（二期）,189
2014-09-07-14:00,中华南路（万国大厦）（二期）,166
2014-09-07-14:05,中华南路（万国大厦）（二期）,168
2014-09-07-14:10,中华南路（万国大厦）（二期）,159
2014-09-07-14:15,中华南路（万国大厦）（二期）,182
2014-09-07-14:20,中华南路（万国大厦）（二期）,174
2014-09-07-14:25,中华南路（万国大厦）（二期）,170
2014-09-07-14:30,中华南路（万国大厦）（二期）,204
2014-09-07-14:35,中华南路（万国大厦）（二期）,178
2014-09-07-14:40,中华南路（万国大厦）（二期）,181
2014-09-07-14:45,中华南路（万国大厦）（二期）,174
2014-09-07-14:50,中华南路（万国大厦）（二期）,201
2014-09-07-14:55,中华南路（万国大厦）（二期）,179
2014-09-07-15:00,中华南路（万国大厦）（二期）,175
2014-09-07-15:05,中华南路（万国大厦）（二期）,200
2014-09-07-15:10,中华南路（万国大厦）（二期）,174
2014-09-07-15:15,中华南路（万国大厦）（二期）,143
2014-09-07-15:20,中华南路（万国大厦）（二期）,187
2014-09-07-15:25,中华南路（万国大厦）（二期）,187
2014-09-07-15:30,中华南路（万国大厦）（二期）,168
2014-09-07-15:35,中华南路（万国大厦）（二期）,183
2014-09-07-15:40,中华南路（万国大厦）（二期）,193
2014-09-07-15:45,中华南路（万国大厦）（二期）,138
2014-09-07-15:50,中华南路（万国大厦）（二期）,178
2014-09-07-15:55,中华南路（万国大厦）（二期）,166
2014-09-07-16:00,中华南路（万国大厦）（二期）,168
2014-09-07-16:05,中华南路（万国大厦）（二期）,182
2014-09-07-16:10,中华南路（万国大厦）（二期）,162
2014-09-07-16:15,中华南路（万国大厦）（二期）,196
2014-09-07-16:20,中华南路（万国大厦）（二期）,152
2014-09-07-16:25,中华南路（万国大厦）（二期）,222
2014-09-07-16:30,中华南路（万国大厦）（二期）,154
2014-09-07-16:35,中华南路（万国大厦）（二期）,185
2014-09-07-16:40,中华南路（万国大厦）（二期）,174
2014-09-07-16:45,中华南路（万国大厦）（二期）,179
2014-09-07-16:50,中华南路（万国大厦）（二期）,164
2014-09-07-16:55,中华南路（万国大厦）（二期）,180
2014-09-07-17:00,中华南路（万国大厦）（二期）,172
2014-09-07-17:05,中华南路（万国大厦）（二期）,141
2014-09-07-17:10,中华南路（万国大厦）（二期）,197
2014-09-07-17:15,中华南路（万国大厦）（二期）,160
2014-09-07-17:20,中华南路（万国大厦）（二期）,183
2014-09-07-17:25,中华南路（万国大厦）（二期）,170
2014-09-07-17:30,中华南路（万国大厦）（二期）,164
2014-09-07-17:35,中华南路（万国大厦）（二期）,138
2014-09-07-17:40,中华南路（万国大厦）（二期）,197
2014-09-07-17:45,中华南路（万国大厦）（二期）,172
2014-09-07-17:50,中华南路（万国大厦）（二期）,186
2014-09-07-17:55,中华南路（万国大厦）（二期）,161
2014-09-07-18:00,中华南路（万国大厦）（二期）,166
2014-09-07-18:05,中华南路（万国大厦）（二期）,172
2014-09-07-18:10,中华南路（万国大厦）（二期）,167
2014-09-07-18:15,中华南路（万国大厦）（二期）,159
2014-09-07-18:20,中华南路（万国大厦）（二期）,166
2014-09-07-18:25,中华南路（万国大厦）（二期）,170
2014-09-07-18:30,中华南路（万国大厦）（二期）,136
2014-09-07-18:35,中华南路（万国大厦）（二期）,144
2014-09-07-18:40,中华南路（万国大厦）（二期）,163
2014-09-07-18:45,中华南路（万国大厦）（二期）,148
2014-09-07-18:50,中华南路（万国大厦）（二期）,154
2014-09-07-18:55,中华南路（万国大厦）（二期）,168
2014-09-07-19:00,中华南路（万国大厦）（二期）,139
2014-09-07-19:05,中华南路（万国大厦）（二期）,143
2014-09-07-19:10,中华南路（万国大厦）（二期）,164
2014-09-07-19:15,中华南路（万国大厦）（二期）,107
2014-09-07-19:20,中华南路（万国大厦）（二期）,109
2014-09-07-19:25,中华南路（万国大厦）（二期）,111
2014-09-07-19:30,中华南路（万国大厦）（二期）,102
2014-09-07-19:35,中华南路（万国大厦）（二期）,95
2014-09-07-19:40,中华南路（万国大厦）（二期）,103
2014-09-07-19:45,中华南路（万国大厦）（二期）,108
2014-09-07-19:50,中华南路（万国大厦）（二期）,108
2014-09-07-19:55,中华南路（万国大厦）（二期）,113
2014-09-07-20:00,中华南路（万国大厦）（二期）,131
2014-09-07-20:05,中华南路（万国大厦）（二期）,109
2014-09-07-20:10,中华南路（万国大厦）（二期）,119
2014-09-07-20:15,中华南路（万国大厦）（二期）,114
2014-09-07-20:20,中华南路（万国大厦）（二期）,134
2014-09-07-20:25,中华南路（万国大厦）（二期）,121
2014-09-07-20:30,中华南路（万国大厦）（二期）,105
2014-09-07-20:35,中华南路（万国大厦）（二期）,118
2014-09-07-20:40,中华南路（万国大厦）（二期）,148
2014-09-07-20:45,中华南路（万国大厦）（二期）,127
2014-09-07-20:50,中华南路（万国大厦）（二期）,131
2014-09-07-20:55,中华南路（万国大厦）（二期）,149
2014-09-07-21:00,中华南路（万国大厦）（二期）,138
2014-09-07-21:05,中华南路（万国大厦）（二期）,114
2014-09-07-21:10,中华南路（万国大厦）（二期）,125
2014-09-07-21:15,中华南路（万国大厦）（二期）,124
2014-09-07-21:20,中华南路（万国大厦）（二期）,129
2014-09-07-21:25,中华南路（万国大厦）（二期）,119
2014-09-07-21:30,中华南路（万国大厦）（二期）,131
2014-09-07-21:35,中华南路（万国大厦）（二期）,130
2014-09-07-21:40,中华南路（万国大厦）（二期）,111
2014-09-07-21:45,中华南路（万国大厦）（二期）,126
2014-09-07-21:50,中华南路（万国大厦）（二期）,123
2014-09-07-21:55,中华南路（万国大厦）（二期）,114
2014-09-07-22:00,中华南路（万国大厦）（二期）,95
2014-09-07-22:05,中华南路（万国大厦）（二期）,133
2014-09-07-22:10,中华南路（万国大厦）（二期）,109
2014-09-07-22:15,中华南路（万国大厦）（二期）,100
2014-09-07-22:20,中华南路（万国大厦）（二期）,112
2014-09-07-22:25,中华南路（万国大厦）（二期）,85
2014-09-07-22:30,中华南路（万国大厦）（二期）,105
2014-09-07-22:35,中华南路（万国大厦）（二期）,95
2014-09-07-22:40,中华南路（万国大厦）（二期）,103
2014-09-07-22:45,中华南路（万国大厦）（二期）,114
2014-09-07-22:50,中华南路（万国大厦）（二期）,111
2014-09-07-22:55,中华南路（万国大厦）（二期）,107
2014-09-07-23:00,中华南路（万国大厦）（二期）,106
2014-09-07-23:05,中华南路（万国大厦）（二期）,126
2014-09-07-23:10,中华南路（万国大厦）（二期）,119
2014-09-07-23:15,中华南路（万国大厦）（二期）,121
2014-09-07-23:20,中华南路（万国大厦）（二期）,100
2014-09-07-23:25,中华南路（万国大厦）（二期）,106
2014-09-07-23:30,中华南路（万国大厦）（二期）,83
2014-09-07-23:35,中华南路（万国大厦）（二期）,99
2014-09-07-23:40,中华南路（万国大厦）（二期）,104
2014-09-07-23:45,中华南路（万国大厦）（二期）,78
2014-09-07-23:50,中华南路（万国大厦）（二期）,92
2014-09-07-23:55,中华南路（万国大厦）（二期）,90
